<?xml version="1.0" encoding="UTF-8"?>
<beans xmlns="http://www.springframework.org/schema/beans"
	xmlns:xsi="http://www.w3.org/2001/XMLSchema-instance"
	xmlns:context="http://www.springframework.org/schema/context"
	xmlns:mvc="http://www.springframework.org/schema/mvc"
	xsi:schemaLocation="http://www.springframework.org/schema/beans 
	http://www.springframework.org/schema/beans/spring-beans.xsd
    http://www.springframework.org/schema/context
    http://www.springframework.org/schema/context/spring-context.xsd
	http://www.springframework.org/schema/mvc 
	http://www.springframework.org/schema/mvc/spring-mvc.xsd">

       <bean id="messageSource" class="org.springframework.context.support.ResourceBundleMessageSource">
         <property name="basename" value="messages"/>
       </bean>

       <!-- Scans the classpath of this application for @Components to deploy as beans -->
       <context:component-scan base-package="com.companyname.springapp.web" />

       <!-- Configures the @Controller programming model -->
       <mvc:annotation-driven/>
       
       <bean id="viewResolver" class="org.springframework.web.servlet.view.InternalResourceViewResolver">
         <property name="viewClass" value="org.springframework.web.servlet.view.JstlView"></property>
         <property name="prefix" value="/WEB-INF/views/"></property>
         <property name="suffix" value=".jsp"></property>        
       </bean>

</beans>

