<?xml version='1.0' encoding='UTF-8'?>

<!--
 Copyright 2004-2006 Sun Microsystems, Inc. All rights reserved.
 SUN PROPRIETARY/CONFIDENTIAL. Use is subject to license terms.
-->

<faces-config xmlns="http://java.sun.com/xml/ns/javaee"
    xmlns:xsi="http://www.w3.org/2001/XMLSchema-instance"
    xsi:schemaLocation="http://java.sun.com/xml/ns/javaee http://java.sun.com/xml/ns/javaee/web-facesconfig_1_2.xsd"
    version="1.2">

  <application>
    <resource-bundle>
	<base-name>guessNumber.ApplicationMessages</base-name>
    	<var>ErrMsg</var>
    </resource-bundle>
    <locale-config>
      <default-locale>en</default-locale>
      <supported-locale>de</supported-locale>
      <supported-locale>fr</supported-locale>
      <supported-locale>es</supported-locale>
    </locale-config>
  </application>

  <navigation-rule>
    <description>
        The decision rule used by the NavigationHandler to
        determine which view must be displayed after the
        current view, greeting.jsp is processed.
    </description>
    <from-view-id>/greeting.jsp</from-view-id>
    <navigation-case>
        <description>
            Indicates to the NavigationHandler that the response.jsp
            view must be displayed if the Action referenced by a 
            UICommand component on the greeting.jsp view returns 
            the outcome "success".
        </description>
      <from-outcome>success</from-outcome>
      <to-view-id>/response.jsp</to-view-id>
    </navigation-case>
  </navigation-rule>

  <navigation-rule>
   <description>
        The decision rules used by the NavigationHandler to
        determine which view must be displayed after the
        current view, response.jsp is processed.
    </description>
    <from-view-id>/response.jsp</from-view-id>
    <navigation-case>
        <description>
            Indicates to the NavigationHandler that the greeting.jsp
            view must be displayed if the Action referenced by a 
            UICommand component on the response.jsp view returns 
            the outcome "success".
        </description>
        <from-outcome>success</from-outcome>
      <to-view-id>/greeting.jsp</to-view-id>
    </navigation-case>
  </navigation-rule>

  <managed-bean>
    <description>
      The backing bean that backs up the guessNumber Web application
    </description>
    <managed-bean-name>UserNumberBean</managed-bean-name>
    <managed-bean-class>guessNumber.UserNumberBean</managed-bean-class>
    <managed-bean-scope>session</managed-bean-scope>
    <managed-property>
      <property-name>minimum</property-name>
      <property-class>long</property-class>
      <value>0</value>
    </managed-property>
    <managed-property>
      <property-name>maximum</property-name>
      <property-class>long</property-class>
      <value>10</value>
    </managed-property>

  </managed-bean>

</faces-config>
