<?xml version="1.0" encoding="UTF-8"?>
<beans xmlns="http://www.springframework.org/schema/beans"
	xmlns:xsi="http://www.w3.org/2001/XMLSchema-instance" xmlns:mvc="http://www.springframework.org/schema/mvc"
	xmlns:beans="http://www.springframework.org/schema/beans"
	xmlns:context="http://www.springframework.org/schema/context" xmlns:tx="http://www.springframework.org/schema/tx"
	xmlns:jdbc="http://www.springframework.org/schema/jdbc"
	xmlns:aop="http://www.springframework.org/schema/aop"
	xsi:schemaLocation="http://www.springframework.org/schema/mvc http://www.springframework.org/schema/mvc/spring-mvc-3.2.xsd
    http://www.springframework.org/schema/beans http://www.springframework.org/schema/beans/spring-beans.xsd
    http://www.springframework.org/schema/tx http://www.springframework.org/schema/tx/spring-tx-3.2.xsd
    http://www.springframework.org/schema/jdbc http://www.springframework.org/schema/jdbc/spring-jdbc.xsd
    http://www.springframework.org/schema/aop http://www.springframework.org/schema/aop/spring-aop-3.0.xsd
    http://www.springframework.org/schema/context http://www.springframework.org/schema/context/spring-context-3.2.xsd">
	
	
	<!-- Con esto Spring MVC reconoce las anotaciones como RequestMapping que nos har&aacute;n falta m&aacute;s tarde.-->
	<mvc:annotation-driven/>

	<bean
		class="org.springframework.web.servlet.view.InternalResourceViewResolver">
		<property name="prefix" value="/WEB-INF/" />
		<property name="suffix" value=".jsp" />
	</bean>

	<!-- Escanea el classpath buscando anotaciones (eg: @Service, @Repository etc) -->
	<context:component-scan base-package="com.autentia.libreria.*" />


	<jdbc:embedded-database id="dataSource" type="HSQL">
		<jdbc:script location="classpath:persistence/libros.sql" />
	</jdbc:embedded-database>

	<!-- Hibernate Session Factory -->
	<bean id="mySessionFactory"
		class="org.springframework.orm.hibernate4.LocalSessionFactoryBean">
		<property name="dataSource" ref="dataSource" />
		<property name="packagesToScan">
			<array>
				<value>com.autentia.libreria</value>
			</array>
		</property>
		<property name="hibernateProperties">
			<value>
				hibernate.dialect=org.hibernate.dialect.HSQLDialect
			</value>
		</property>
	</bean>

 
	<aop:aspectj-autoproxy/>
	<bean id="imprimeLog" class="com.autentia.libreria.aspects.LoggerAspect" />
	 

	<!-- Hibernate Transaction Manager -->
	<bean id="transactionManager"
		class="org.springframework.orm.hibernate4.HibernateTransactionManager">
		<property name="sessionFactory" ref="mySessionFactory" />
	</bean>

	<!-- Activates annotation based transaction management -->
	<tx:annotation-driven transaction-manager="transactionManager" />


</beans>