<SOAP-ENV:Envelope xmlns:SOAP-ENV="http://schemas.xmlsoap.org/soap/envelope/">
<SOAP-ENV:Header>
<ns:orderDesk xmlns:ns="http://gizmos.com/NSURI" SOAP-ENV:actor="http://gizmos.com/orders"/>
<ns:shippingDesk xmlns:ns="http://gizmos.com/NSURI" SOAP-ENV:actor="http://gizmos.com/shipping"/>
<ns:confirmationDesk xmlns:ns="http://gizmos.com/NSURI" SOAP-ENV:actor="http://gizmos.com/confirmations" SOAP-ENV:mustUnderstand="1"/>
<ns:billingDesk xmlns:ns="http://gizmos.com/NSURI" SOAP-ENV:actor="http://gizmos.com/billing"/>
</SOAP-ENV:Header>
<SOAP-ENV:Body>
<slideshow 
    title="Sample Slide Show"
    date="Date of publication"
    author="Yours Truly"
    >

    <!-- TITLE SLIDE -->
    <slide type="all">
      <title>Wake up to WonderWidgets!</title>
    </slide>

    <!-- OVERVIEW -->
    <slide type="all">
      <title>Overview</title>
      <item>Why <em>WonderWidgets</em> are great</item>
      <item/>
      <item>Who <em>buys</em> WonderWidgets</item>
    </slide>

</slideshow>
</SOAP-ENV:Body>
</SOAP-ENV:Envelope>
